"Designator","Footprint","Mid X","Mid Y","Ref X","Ref Y","Pad X","Pad Y","Layer","Rotation","Comment"
""
"","LOGO_Dimitech_5mm","-51200mil","-26230mil","2555mil","565mil","-51200mil","-26230mil","T","360.00",""
"USB","8968-B04CR","252.717mil","1512.008mil","160mil","1512.008mil","345.434mil","1462.796mil","T","270.00","KUSBVX-AS1N-W"
"R2","_1206","740mil","1810mil","740mil","1810mil","740mil","1755.866mil","T","90.00","1k"
"R1","_1206","840mil","1810mil","840mil","1810mil","840mil","1755.866mil","T","90.00","1k"
"PJACK","KLD-0202","323.937mil","217.52mil","-93.386mil","125mil","445.984mil","310.04mil","T","360.00","PJ-002"
"MOD","PLCC68_T/H_socket","1375mil","1050mil","1375mil","1050mil","875mil","1050mil","T","90.00","DTX2-4008C"
"EXP","2011-2X10S","2230mil","1050mil","2230mil","1050mil","2280mil","600mil","T","90.00","DIL20-M"
"D1","SMA","890mil","285mil","890mil","285mil","803.386mil","285mil","T","360.00","SSA34"
"POWER","Header_8x1_8.5mm","1450mil","100mil","1800mil","100mil","1800mil","100mil","T","180.00","SIL6-F"
"IOL","Header_8x1_8.5mm","2150mil","2000mil","2500mil","2000mil","2500mil","2000mil","T","180.00","SIL8-F"
"IOH","Header_10x1_8.5mm","1190mil","2000mil","1640mil","2000mil","1640mil","2000mil","T","180.00","SIL8-F"
"AD","Header_6x1_8.5mm","2250mil","100mil","2000mil","100mil","2000mil","100mil","T","360.00","SIL6-F"
"ICSP","ICSP","2555.512mil","1098.032mil","2505.512mil","1198.031mil","2505.512mil","1198.032mil","T","0.00","ICSP"
"SW1","SKHH","200mil","1940mil","200mil","1940mil","327.952mil","1851.418mil","T","360.00","SKHHAQA010"

